foo,target,group,value_1,value2
7,1,bar,656.4893823985678,2734
3,1,bar,656.5056565416982,3512
35,1,baz,655.2583030666536,1608
7,0,baz,696.3315073873086,2520951
14,0,bar,696.3852585102737,2521470
2,0,bar,696.4547976604449,2519413
28,1,foo,654.7898971368048,1768
21,1,foo,654.3088697548528,1951
28,0,foo,696.2452588406564,2521917
14,1,bar,654.8932442477851,2215
